Tenure_Months,MonthlyCharges,Contract_One year,Contract_Two year,InternetService_Fiber optic,InternetService_No,Churn
52,51.49,False,True,False,False,0
15,58.92,False,True,False,False,0
72,52.9,False,False,False,False,0
61,91.89,False,False,True,False,0
21,21.72,True,False,False,True,1
24,62.86,False,False,False,False,0
3,116.81,False,True,True,False,1
22,117.04,False,False,True,False,1
53,45.24,False,False,False,False,0
2,113.74,False,False,True,False,1
30,62.12,False,False,False,False,0
38,82.64,True,False,True,False,0
2,73.36,False,False,True,False,1
64,48.04,False,False,False,False,1
60,67.37,False,False,False,False,0
21,101.66,False,False,True,False,1
33,26.65,True,False,False,True,0
58,47.71,False,True,False,False,0
22,105.97,False,True,True,False,0
49,71.41,True,False,True,False,0
59,22.5,False,False,False,True,1
42,25.52,True,False,False,True,0
60,77.3,False,False,True,False,0
15,111.15,False,False,True,False,0
62,20.82,False,True,False,True,0
62,59.57,False,False,False,False,1
47,52.16,False,True,False,False,0
62,57.88,False,False,False,False,0
51,19.29,True,False,False,True,1
55,18.2,True,False,False,True,0
64,67.29,False,True,False,False,0
3,83.48,True,False,True,False,1
51,110.98,True,False,True,False,0
7,69.98,False,False,False,False,1
21,20.54,True,False,False,True,0
39,47.96,False,False,False,False,0
18,59.89,True,False,False,False,0
4,118.27,True,False,True,False,1
60,115.79,True,False,True,False,0
14,55.09,False,False,False,False,0
9,109.76,False,False,True,False,1
53,76.79,True,False,True,False,0
2,69.32,False,False,False,False,1
60,68.93,False,False,False,False,1
71,78.19,False,False,True,False,1
44,48.98,False,True,False,False,0
8,19.2,True,False,False,True,1
47,21.26,False,False,False,True,0
35,27.79,False,False,False,True,1
36,51.35,False,False,False,False,1
50,19.06,True,False,False,True,1
4,87.11,True,False,True,False,0
2,69.44,False,False,False,False,0
6,58.89,False,False,False,False,1
54,52.48,False,False,False,False,1
4,78.33,True,False,True,False,1
54,119.31,True,False,True,False,1
63,64.63,False,False,False,False,1
18,84.07,False,False,True,False,1
44,42.1,False,False,False,False,1
34,72.83,False,True,True,False,0
62,43.61,False,False,False,False,1
14,24.97,True,False,False,True,0
48,29.15,True,False,False,True,0
15,94.84,False,False,True,False,1
72,65.29,False,False,False,False,1
62,53.38,False,False,False,False,1
40,26.5,True,False,False,True,0
53,61.96,True,False,False,False,0
24,45.22,True,False,False,False,0
26,50.84,True,False,False,False,0
60,101.87,False,False,True,False,0
41,73.53,False,True,True,False,0
29,22.34,True,False,False,True,0
15,56.04,False,False,False,False,1
45,69.89,False,True,False,False,0
65,23.69,True,False,False,True,0
71,27.79,True,False,False,True,0
9,52.96,True,False,False,False,0
1,109.82,False,True,True,False,1
8,57.86,True,False,False,False,0
63,28.64,False,False,False,True,0
11,52.33,False,False,False,False,0
8,25.25,False,True,False,True,0
35,101.5,False,False,True,False,0
35,90.87,False,False,True,False,1
33,44.33,False,False,False,False,1
5,74.68,False,False,True,False,1
41,70.83,True,False,True,False,0
28,66.21,False,True,False,False,0
7,81.82,False,False,True,False,1
72,20.54,False,False,False,True,0
12,106.8,False,False,True,False,1
34,86.0,False,True,True,False,0
33,55.18,True,False,False,False,1
48,78.13,False,False,True,False,1
23,68.79,False,True,False,False,0
62,112.58,False,True,True,False,0
37,28.37,False,True,False,True,0
44,90.34,False,True,True,False,0
35,62.87,False,False,False,False,1
65,44.32,True,False,False,False,0
47,70.43,False,False,True,False,1
3,71.0,False,True,True,False,0
1,25.04,True,False,False,True,1
5,23.46,True,False,False,True,1
14,95.9,True,False,True,False,1
27,40.22,False,False,False,False,1
9,52.68,True,False,False,False,0
15,61.54,False,True,False,False,0
42,53.28,False,True,False,False,0
51,106.61,False,False,True,False,1
63,81.65,False,False,True,False,1
52,110.66,False,False,True,False,1
4,57.65,True,False,False,False,1
23,46.32,False,True,False,False,0
15,47.1,False,False,False,False,1
43,58.84,True,False,False,False,0
29,27.96,False,True,False,True,0
36,52.47,True,False,False,False,0
13,82.92,True,False,True,False,0
32,66.01,True,False,False,False,0
71,26.03,True,False,False,True,0
59,92.4,False,False,True,False,1
28,54.64,True,False,False,False,1
66,80.21,True,False,True,False,1
42,101.34,False,True,True,False,0
45,22.3,True,False,False,True,0
62,69.87,True,False,False,False,0
57,23.76,False,False,False,True,1
6,23.83,False,False,False,True,0
28,24.79,False,False,False,True,1
28,115.84,False,False,True,False,1
44,110.04,True,False,True,False,1
30,92.56,False,True,True,False,0
62,105.93,False,False,True,False,1
62,99.31,False,False,True,False,1
1,94.62,False,True,True,False,0
27,79.62,False,False,True,False,1
62,93.2,True,False,True,False,0
3,20.95,True,False,False,True,0
70,67.45,True,False,False,False,0
72,22.02,False,False,False,True,1
27,117.61,False,False,True,False,1
9,24.4,True,False,False,True,0
62,101.58,True,False,True,False,0
37,56.29,False,False,False,False,1
51,19.55,True,False,False,True,0
44,51.27,False,False,False,False,0
24,19.19,True,False,False,True,1
59,101.15,False,False,True,False,0
32,92.34,False,True,True,False,0
52,63.34,False,False,False,False,0
62,81.02,False,False,True,False,1
58,44.94,False,False,False,False,1
52,52.19,False,False,False,False,0
12,67.8,False,True,False,False,0
39,61.31,False,True,False,False,0
2,23.03,False,False,False,True,1
3,24.21,False,False,False,True,1
56,42.53,True,False,False,False,0
59,119.23,False,True,True,False,0
2,59.99,True,False,False,False,1
2,84.27,False,False,True,False,1
54,25.03,False,False,False,True,1
1,19.31,True,False,False,True,0
19,118.29,False,False,True,False,0
2,78.74,True,False,True,False,1
53,59.44,False,False,False,False,1
44,20.95,True,False,False,True,0
32,61.53,False,False,False,False,1
70,108.84,True,False,True,False,0
32,103.67,False,False,True,False,0
68,100.72,True,False,True,False,0
55,66.77,False,False,False,False,1
56,18.94,True,False,False,True,0
17,49.93,True,False,False,False,0
38,82.41,True,False,True,False,0
24,69.64,True,False,False,False,0
69,51.68,True,False,False,False,0
70,106.63,False,True,True,False,0
11,104.24,False,False,True,False,1
16,46.36,False,True,False,False,0
59,47.17,False,False,False,False,1
70,84.06,False,False,True,False,1
3,90.56,False,False,True,False,1
20,20.81,False,False,False,True,0
59,40.59,True,False,False,False,0
36,66.38,True,False,False,False,1
19,68.97,True,False,False,False,0
67,50.25,True,False,False,False,1
19,86.93,False,False,True,False,0
20,70.35,False,False,True,False,0
71,60.41,False,False,False,False,0
52,64.76,False,False,False,False,1
33,44.4,False,False,False,False,0
40,19.92,False,False,False,True,1
39,27.48,True,False,False,True,0
1,58.49,True,False,False,False,1
11,41.35,False,True,False,False,0
57,25.47,False,True,False,True,0
50,21.71,True,False,False,True,0
23,88.44,False,False,True,False,0
31,63.09,True,False,False,False,1
42,64.33,True,False,False,False,1
7,90.02,False,False,True,False,0
16,68.41,False,False,False,False,1
60,52.19,False,True,False,False,0
2,108.59,False,False,True,False,1
1,54.52,True,False,False,False,0
48,114.88,True,False,True,False,1
12,67.23,False,False,False,False,1
69,42.62,False,False,False,False,1
37,116.82,False,False,True,False,1
32,64.77,False,False,False,False,0
9,27.5,False,False,False,True,0
19,80.05,False,True,True,False,0
48,64.15,False,False,False,False,1
3,112.51,True,False,True,False,0
20,48.67,False,False,False,False,0
24,29.43,False,True,False,True,0
54,41.5,False,False,False,False,0
33,77.5,False,False,True,False,0
24,56.13,False,True,False,False,0
72,98.79,False,True,True,False,0
36,25.74,False,False,False,True,1
38,18.2,False,True,False,True,0
25,68.81,False,False,False,False,0
18,41.34,False,False,False,False,1
66,19.72,False,False,False,True,1
54,18.17,False,False,False,True,0
35,57.01,True,False,False,False,0
61,116.61,False,False,True,False,1
41,59.98,False,False,False,False,0
33,27.87,True,False,False,True,0
68,40.4,True,False,False,False,0
33,56.26,False,False,False,False,1
14,92.98,True,False,True,False,1
21,54.97,False,False,False,False,1
48,73.61,True,False,True,False,1
20,104.22,True,False,True,False,1
8,55.1,False,True,False,False,0
7,62.95,False,False,False,False,1
67,94.26,False,False,True,False,0
17,44.48,False,False,False,False,1
33,102.41,False,False,True,False,0
48,20.07,False,False,False,True,0
59,113.62,False,True,True,False,0
22,58.39,False,False,False,False,0
30,44.72,False,False,False,False,0
38,68.87,True,False,False,False,0
51,55.55,False,False,False,False,0
54,73.64,True,False,True,False,0
8,101.34,False,False,True,False,1
27,47.6,False,False,False,False,1
27,64.11,False,False,False,False,0
21,64.53,False,False,False,False,1
30,118.95,False,True,True,False,0
28,55.06,False,False,False,False,1
64,92.75,True,False,True,False,0
69,62.6,False,False,False,False,0
61,19.59,False,False,False,True,1
48,24.56,False,True,False,True,0
19,56.39,False,False,False,False,1
4,42.68,True,False,False,False,0
35,90.9,False,True,True,False,0
64,65.6,True,False,False,False,0
49,112.81,False,True,True,False,0
17,19.19,False,False,False,True,1
44,74.54,False,False,True,False,1
30,21.15,False,False,False,True,1
46,66.24,True,False,False,False,0
6,43.87,False,True,False,False,0
37,106.0,False,False,True,False,1
24,43.03,True,False,False,False,0
46,101.16,False,False,True,False,1
53,50.68,True,False,False,False,0
60,63.67,False,False,False,False,1
63,20.8,False,True,False,True,0
32,59.18,True,False,False,False,0
33,20.83,False,False,False,True,1
67,26.56,False,False,False,True,1
18,113.68,False,False,True,False,0
25,76.34,False,False,True,False,1
54,113.33,False,False,True,False,0
58,25.12,False,True,False,True,0
67,43.81,True,False,False,False,0
46,91.38,True,False,True,False,1
24,78.04,False,False,True,False,0
32,105.02,False,True,True,False,0
47,107.94,True,False,True,False,1
23,43.17,False,False,False,False,0
66,95.31,True,False,True,False,1
27,27.78,True,False,False,True,0
2,68.08,False,False,False,False,1
17,24.16,False,False,False,True,1
33,117.51,False,False,True,False,1
9,24.43,False,False,False,True,0
43,89.71,False,True,True,False,0
48,112.41,False,True,True,False,0
39,54.79,True,False,False,False,0
42,23.66,False,False,False,True,1
26,54.71,False,False,False,False,1
50,28.16,True,False,False,True,0
25,27.98,True,False,False,True,0
24,52.11,False,False,False,False,0
13,50.0,True,False,False,False,0
60,94.6,False,True,True,False,0
7,57.18,False,False,False,False,1
57,20.86,False,False,False,True,0
36,63.82,True,False,False,False,1
45,54.59,False,False,False,False,1
20,22.01,False,False,False,True,1
65,75.34,False,False,True,False,1
8,20.87,False,False,False,True,1
16,68.48,True,False,False,False,0
14,85.25,True,False,True,False,0
15,78.44,False,False,True,False,0
66,93.03,False,True,True,False,0
32,85.35,False,True,True,False,0
63,71.76,False,True,True,False,0
51,86.16,False,False,True,False,0
25,56.32,False,False,False,False,0
58,97.59,False,True,True,False,0
63,50.7,True,False,False,False,0
62,92.37,False,False,True,False,1
22,68.97,False,False,False,False,1
58,88.87,False,False,True,False,1
58,82.91,False,True,True,False,0
49,47.3,True,False,False,False,0
52,53.73,False,False,False,False,0
42,62.79,False,False,False,False,0
70,80.3,True,False,True,False,0
15,26.51,False,True,False,True,0
54,40.63,False,False,False,False,0
60,90.95,True,False,True,False,0
8,63.28,False,True,False,False,0
53,86.94,False,False,True,False,0
60,24.76,True,False,False,True,0
5,46.15,False,False,False,False,1
68,107.1,True,False,True,False,0
6,41.57,True,False,False,False,1
47,65.58,True,False,False,False,1
55,45.95,True,False,False,False,0
40,66.23,False,False,False,False,0
52,87.63,False,True,True,False,0
16,106.13,True,False,True,False,0
13,85.96,False,False,True,False,1
30,67.18,True,False,False,False,1
19,43.8,True,False,False,False,0
17,78.93,False,False,True,False,0
63,23.92,False,True,False,True,0
19,42.46,False,True,False,False,0
58,20.35,False,False,False,True,0
55,117.19,False,True,True,False,0
62,118.82,False,False,True,False,1
23,88.81,False,False,True,False,1
9,67.7,False,False,False,False,0
12,56.34,False,True,False,False,0
1,83.49,True,False,True,False,0
58,61.07,False,False,False,False,1
1,25.91,False,False,False,True,0
34,119.46,True,False,True,False,1
48,47.95,False,False,False,False,1
1,103.6,False,True,True,False,0
16,41.56,False,True,False,False,0
61,75.68,True,False,True,False,0
64,70.2,False,True,True,False,0
63,29.99,False,False,False,True,0
69,110.11,False,True,True,False,0
22,109.34,True,False,True,False,1
67,95.49,True,False,True,False,1
26,21.6,False,False,False,True,0
16,44.54,False,True,False,False,0
51,48.54,False,False,False,False,1
57,51.28,False,False,False,False,0
29,62.69,False,False,False,False,0
69,96.98,True,False,True,False,0
47,73.87,True,False,True,False,0
62,70.9,True,False,True,False,0
69,43.07,False,True,False,False,0
16,90.52,False,False,True,False,1
48,68.0,True,False,False,False,0
39,101.87,False,False,True,False,1
33,110.09,False,True,True,False,0
23,53.99,False,True,False,False,0
10,50.85,True,False,False,False,0
69,43.25,True,False,False,False,0
34,28.51,False,False,False,True,1
52,27.4,False,False,False,True,0
10,78.41,False,True,True,False,1
19,55.37,False,False,False,False,1
58,94.37,False,False,True,False,0
1,101.25,False,False,True,False,1
69,117.31,False,True,True,False,0
4,57.39,False,False,False,False,1
16,56.21,False,False,False,False,0
24,72.52,True,False,True,False,1
2,41.89,False,True,False,False,0
32,45.62,False,False,False,False,0
24,40.97,False,False,False,False,1
12,107.17,False,False,True,False,0
50,26.68,False,False,False,True,1
35,19.63,False,False,False,True,1
33,111.8,True,False,True,False,0
33,77.74,True,False,True,False,0
61,49.04,True,False,False,False,1
51,82.45,False,False,True,False,1
43,51.17,False,True,False,False,0
12,82.73,False,False,True,False,1
67,54.67,False,True,False,False,0
65,52.22,True,False,False,False,1
33,69.6,False,False,False,False,0
40,41.68,True,False,False,False,0
43,44.27,False,False,False,False,1
44,41.58,True,False,False,False,0
29,25.51,False,False,False,True,0
13,72.73,False,False,True,False,1
12,111.82,False,True,True,False,0
46,24.14,False,False,False,True,0
2,24.32,False,True,False,True,0
35,98.08,False,False,True,False,1
8,20.05,True,False,False,True,0
26,45.93,True,False,False,False,1
34,49.56,True,False,False,False,1
7,99.67,False,False,True,False,1
68,80.51,False,False,True,False,1
58,75.82,False,False,True,False,1
29,69.1,False,False,False,False,0
36,40.66,True,False,False,False,0
21,110.13,False,True,True,False,0
36,63.64,False,True,False,False,0
10,84.86,True,False,True,False,0
24,76.78,True,False,True,False,0
64,77.28,True,False,True,False,0
49,104.87,False,False,True,False,0
36,25.71,False,True,False,True,0
24,109.14,True,False,True,False,1
23,116.87,True,False,True,False,1
62,104.6,False,False,True,False,1
37,44.68,False,False,False,False,1
12,47.3,False,False,False,False,0
55,65.27,False,True,False,False,0
13,80.47,True,False,True,False,0
23,73.63,False,False,True,False,1
30,26.44,False,True,False,True,0
17,52.08,False,False,False,False,1
62,67.6,False,False,False,False,0
13,25.8,False,False,False,True,1
59,42.71,True,False,False,False,0
19,117.39,False,True,True,False,0
49,82.93,False,False,True,False,1
12,86.86,False,True,True,False,0
61,52.07,False,False,False,False,1
19,41.54,False,True,False,False,0
9,54.9,True,False,False,False,1
71,76.17,False,True,True,False,0
28,90.05,False,False,True,False,1
52,50.52,False,True,False,False,0
16,108.64,True,False,True,False,0
69,27.64,False,False,False,True,0
12,44.6,False,True,False,False,0
25,88.33,False,False,True,False,1
52,88.67,False,True,True,False,0
53,44.54,False,False,False,False,0
23,63.95,True,False,False,False,0
16,105.36,True,False,True,False,1
57,20.28,False,False,False,True,1
39,22.4,False,False,False,True,0
53,75.29,False,False,True,False,1
42,101.41,False,False,True,False,1
58,43.64,False,False,False,False,1
39,119.3,True,False,True,False,1
14,109.03,False,False,True,False,1
5,51.71,False,False,False,False,1
35,98.93,True,False,True,False,1
18,115.57,False,False,True,False,1
9,56.62,False,True,False,False,0
58,20.09,False,True,False,True,0
17,51.36,True,False,False,False,1
7,65.29,True,False,False,False,0
46,59.33,False,True,False,False,0
13,102.54,False,False,True,False,0
40,113.34,False,False,True,False,1
42,66.82,False,False,False,False,1
9,115.99,True,False,True,False,0
50,42.85,False,False,False,False,0
27,97.21,True,False,True,False,1
66,107.03,False,True,True,False,0
5,107.85,False,True,True,False,0
29,25.28,True,False,False,True,0
37,45.0,False,False,False,False,1
38,63.92,False,True,False,False,0
8,106.01,True,False,True,False,0
65,19.03,False,False,False,True,0
17,53.91,False,False,False,False,0
71,45.22,False,True,False,False,0
45,50.12,True,False,False,False,1
4,70.9,False,True,True,False,0
36,52.01,False,True,False,False,0
70,97.49,True,False,True,False,0
31,25.43,True,False,False,True,0
19,103.17,False,False,True,False,0
61,65.09,False,False,False,False,0
54,80.77,False,False,True,False,0
39,43.61,True,False,False,False,1
19,28.22,True,False,False,True,1
39,77.83,False,True,True,False,0
67,69.24,False,False,False,False,1
45,112.13,True,False,True,False,0
13,95.04,True,False,True,False,1
58,119.07,True,False,True,False,0
20,42.92,True,False,False,False,0
72,21.64,False,False,False,True,0
61,25.66,True,False,False,True,0
39,87.5,False,False,True,False,1
1,29.14,False,False,False,True,1
3,41.97,False,False,False,False,1
62,97.47,True,False,True,False,0
63,99.54,False,True,True,False,0
25,102.64,True,False,True,False,0
56,82.78,True,False,True,False,0
33,50.94,True,False,False,False,0
38,65.31,True,False,False,False,0
6,45.85,False,False,False,False,1
58,64.81,False,False,False,False,1
44,98.13,False,False,True,False,0
45,62.87,False,False,False,False,0
32,61.41,False,False,False,False,1
45,80.38,False,False,True,False,0
61,98.44,False,False,True,False,0
47,28.41,False,True,False,True,0
21,91.61,False,False,True,False,1
36,69.0,False,False,False,False,1
19,23.43,False,False,False,True,0
20,77.14,True,False,True,False,0
57,51.68,False,False,False,False,0
18,117.59,False,False,True,False,1
47,21.84,True,False,False,True,1
49,66.04,False,False,False,False,0
14,66.44,False,False,False,False,0
15,50.51,False,False,False,False,0
31,42.5,False,False,False,False,0
1,106.23,False,False,True,False,1
54,85.58,False,False,True,False,0
3,63.49,False,True,False,False,0
16,23.31,True,False,False,True,0
57,94.26,True,False,True,False,0
12,108.9,False,False,True,False,1
16,22.59,False,True,False,True,0
72,53.29,False,False,False,False,1
24,88.81,False,False,True,False,1
28,88.37,True,False,True,False,0
8,24.31,False,False,False,True,1
36,110.44,False,False,True,False,1
8,50.85,True,False,False,False,0
58,24.29,False,True,False,True,0
60,60.12,False,False,False,False,1
50,21.23,True,False,False,True,0
28,21.33,False,True,False,True,0
41,68.0,False,False,False,False,1
64,106.18,False,False,True,False,0
27,57.32,False,False,False,False,0
63,102.39,False,False,True,False,0
17,71.46,False,False,True,False,1
33,100.91,False,True,True,False,0
29,24.11,True,False,False,True,0
13,97.29,True,False,True,False,1
46,87.97,False,False,True,False,1
35,18.98,False,True,False,True,0
6,20.32,False,True,False,True,0
69,68.52,False,True,False,False,0
47,22.9,False,False,False,True,0
25,54.0,True,False,False,False,0
66,18.63,False,False,False,True,1
10,41.13,False,False,False,False,0
56,61.52,False,False,False,False,0
30,96.9,True,False,True,False,0
5,95.44,True,False,True,False,1
33,47.29,False,False,False,False,0
65,62.34,False,False,False,False,1
18,78.41,False,False,True,False,0
49,20.28,False,False,False,True,1
11,53.82,False,False,False,False,1
26,48.59,False,False,False,False,0
63,82.37,True,False,True,False,0
59,59.36,False,False,False,False,0
27,25.81,False,False,False,True,1
49,27.89,False,False,False,True,1
33,90.89,False,True,True,False,0
1,42.19,True,False,False,False,0
21,83.68,True,False,True,False,0
55,119.0,False,False,True,False,1
6,25.16,True,False,False,True,0
69,105.49,False,False,True,False,1
5,70.37,True,False,True,False,0
3,95.91,False,True,True,False,1
53,71.88,True,False,True,False,0
23,24.83,False,True,False,True,0
53,116.04,True,False,True,False,1
37,118.42,False,False,True,False,1
17,56.22,False,True,False,False,0
1,92.91,False,False,True,False,1
51,117.25,True,False,True,False,1
45,60.21,False,False,False,False,1
4,41.95,False,False,False,False,0
62,93.29,False,False,True,False,1
65,82.01,False,False,True,False,1
32,93.49,False,False,True,False,1
34,53.66,True,False,False,False,0
72,99.11,False,False,True,False,0
39,50.7,False,False,False,False,1
26,78.21,True,False,True,False,0
34,55.11,False,False,False,False,0
54,64.91,True,False,False,False,1
3,59.92,True,False,False,False,1
50,50.15,False,True,False,False,0
12,68.07,True,False,False,False,0
65,67.37,False,False,False,False,0
54,80.47,True,False,True,False,0
5,71.97,False,False,True,False,1
57,62.24,False,False,False,False,1
17,27.93,True,False,False,True,0
47,69.04,False,False,False,False,0
23,114.49,True,False,True,False,0
14,58.02,False,True,False,False,0
66,55.9,False,True,False,False,0
51,71.39,False,True,True,False,0
38,82.33,False,False,True,False,0
64,23.52,False,False,False,True,1
38,101.43,True,False,True,False,0
50,24.69,False,False,False,True,0
30,62.28,True,False,False,False,0
51,48.39,True,False,False,False,0
63,56.95,True,False,False,False,1
52,42.64,False,False,False,False,0
38,90.68,False,False,True,False,1
30,107.51,False,False,True,False,0
51,60.8,False,False,False,False,0
5,29.89,False,True,False,True,0
29,21.33,False,False,False,True,0
4,54.95,False,False,False,False,1
10,49.89,False,False,False,False,1
56,53.22,True,False,False,False,0
17,65.71,True,False,False,False,0
17,60.53,False,False,False,False,1
69,114.12,False,False,True,False,0
34,46.11,False,False,False,False,0
6,66.2,False,False,False,False,1
53,18.72,True,False,False,True,0
66,114.43,True,False,True,False,1
43,21.95,False,False,False,True,1
23,49.44,False,False,False,False,1
55,55.36,False,True,False,False,0
16,117.03,False,False,True,False,1
8,41.43,True,False,False,False,0
4,50.57,False,False,False,False,0
4,112.83,False,False,True,False,1
56,89.8,False,False,True,False,1
25,79.96,True,False,True,False,1
67,91.24,False,True,True,False,1
67,89.28,False,False,True,False,0
27,67.46,False,False,False,False,0
32,62.86,False,False,False,False,0
50,55.15,False,False,False,False,1
61,69.65,False,False,False,False,0
51,23.58,False,False,False,True,1
19,72.91,True,False,True,False,0
21,83.11,False,False,True,False,1
5,53.08,False,False,False,False,1
42,44.71,False,True,False,False,0
61,68.43,False,False,False,False,1
22,63.01,False,True,False,False,0
21,48.05,False,False,False,False,1
70,99.54,False,True,True,False,0
1,106.07,True,False,True,False,1
5,117.06,False,True,True,False,0
12,114.08,False,True,True,False,0
46,24.18,False,False,False,True,0
34,63.24,False,True,False,False,0
49,56.86,False,False,False,False,1
45,56.58,False,False,False,False,1
27,75.74,False,False,True,False,1
26,19.51,True,False,False,True,0
47,55.89,False,False,False,False,1
56,21.23,True,False,False,True,0
63,18.25,True,False,False,True,0
48,61.69,True,False,False,False,0
61,40.97,False,True,False,False,0
26,99.76,False,False,True,False,1
36,24.47,False,False,False,True,0
1,69.06,False,False,False,False,1
8,94.21,False,False,True,False,0
52,41.91,False,False,False,False,1
47,97.58,False,False,True,False,0
56,112.05,False,False,True,False,0
14,119.84,False,True,True,False,0
28,23.16,True,False,False,True,0
2,21.84,False,False,False,True,1
26,28.88,True,False,False,True,0
14,45.74,False,False,False,False,1
59,100.77,False,False,True,False,1
56,52.17,True,False,False,False,0
7,72.05,False,False,True,False,0
3,87.36,False,False,True,False,1
23,83.26,False,True,True,False,0
18,104.3,False,True,True,False,0
38,29.39,True,False,False,True,0
15,48.04,True,False,False,False,0
64,110.57,True,False,True,False,0
28,41.66,False,False,False,False,1
39,56.14,False,False,False,False,1
57,42.12,False,False,False,False,0
17,29.21,False,False,False,True,1
44,27.2,True,False,False,True,1
25,25.9,False,False,False,True,1
17,27.89,False,True,False,True,0
13,59.43,False,True,False,False,0
25,69.07,True,False,False,False,1
68,105.7,True,False,True,False,0
10,116.23,False,True,True,False,0
67,95.86,False,False,True,False,1
18,43.51,True,False,False,False,0
34,96.41,False,False,True,False,0
8,76.34,True,False,True,False,0
40,57.77,False,False,False,False,1
42,94.12,False,True,True,False,0
41,101.13,False,True,True,False,0
6,70.5,False,False,True,False,0
52,45.85,False,False,False,False,0
26,94.57,False,True,True,False,0
64,68.52,False,False,False,False,1
59,51.51,False,True,False,False,0
56,91.22,True,False,True,False,1
59,105.73,False,False,True,False,1
70,58.11,False,False,False,False,0
33,84.95,False,False,True,False,1
53,90.54,True,False,True,False,0
22,80.88,False,False,True,False,0
21,118.3,True,False,True,False,1
70,76.53,False,False,True,False,0
70,88.59,True,False,True,False,0
4,40.78,False,True,False,False,0
62,46.65,False,True,False,False,0
62,109.02,False,False,True,False,1
24,80.06,False,True,True,False,0
55,74.0,True,False,True,False,0
9,54.23,True,False,False,False,1
3,40.3,False,True,False,False,0
31,74.24,False,False,True,False,1
40,64.23,False,False,False,False,0
36,108.57,False,True,True,False,1
24,67.45,False,False,False,False,0
6,112.73,False,True,True,False,0
66,26.2,False,True,False,True,0
4,41.57,False,False,False,False,1
6,109.14,False,True,True,False,0
51,65.37,False,False,False,False,0
62,109.95,True,False,True,False,0
57,95.42,True,False,True,False,1
66,81.65,False,True,True,False,0
8,112.27,False,False,True,False,0
26,26.73,False,False,False,True,0
51,69.42,True,False,False,False,0
45,44.67,True,False,False,False,0
44,20.71,True,False,False,True,0
5,80.59,False,False,True,False,1
70,27.51,False,False,False,True,1
26,79.35,False,False,True,False,1
68,18.8,False,True,False,True,0
19,119.93,False,False,True,False,1
20,71.24,False,False,True,False,1
12,28.02,False,True,False,True,0
47,88.27,False,False,True,False,0
1,65.25,False,True,False,False,0
14,56.64,True,False,False,False,0
64,67.05,False,True,False,False,0
38,67.79,False,False,False,False,0
37,40.27,False,False,False,False,0
11,73.77,True,False,True,False,0
3,82.52,False,True,True,False,0
33,103.47,True,False,True,False,1
6,114.41,False,False,True,False,0
50,53.8,True,False,False,False,0
10,58.21,True,False,False,False,0
5,45.65,True,False,False,False,0
23,110.25,True,False,True,False,0
10,69.02,False,True,False,False,0
44,48.06,True,False,False,False,0
2,94.74,False,False,True,False,1
13,19.03,False,False,False,True,0
40,56.77,False,False,False,False,0
2,95.14,False,False,True,False,1
65,77.22,False,False,True,False,1
63,92.1,False,False,True,False,1
17,22.01,False,False,False,True,0
9,55.65,False,False,False,False,1
15,57.57,False,True,False,False,0
24,18.1,False,True,False,True,0
38,108.05,False,False,True,False,1
35,105.65,False,True,True,False,0
49,88.31,True,False,True,False,1
69,72.65,False,False,True,False,0
62,27.06,False,False,False,True,0
60,29.46,True,False,False,True,0
50,82.01,True,False,True,False,1
9,49.71,True,False,False,False,0
34,20.21,False,False,False,True,0
35,57.31,False,False,False,False,0
1,44.65,False,False,False,False,1
40,22.27,False,False,False,True,0
64,60.91,False,False,False,False,0
22,56.8,False,False,False,False,0
60,51.59,False,True,False,False,0
64,23.04,False,True,False,True,0
72,98.11,False,False,True,False,1
11,70.29,False,True,True,False,0
14,42.36,False,False,False,False,1
60,114.06,False,False,True,False,1
30,73.89,False,False,True,False,0
35,61.2,True,False,False,False,1
37,116.0,False,True,True,False,0
5,48.12,True,False,False,False,1
26,22.45,False,False,False,True,1
62,98.45,True,False,True,False,1
4,28.58,False,False,False,True,1
42,68.26,False,True,False,False,0
18,106.98,True,False,True,False,0
40,74.33,False,False,True,False,1
72,103.46,True,False,True,False,0
39,22.92,True,False,False,True,0
14,54.12,False,False,False,False,0
32,41.47,True,False,False,False,0
51,79.55,False,False,True,False,0
38,109.53,True,False,True,False,0
23,92.7,False,True,True,False,0
63,49.05,False,True,False,False,0
15,89.2,True,False,True,False,0
25,65.63,True,False,False,False,0
17,107.45,False,False,True,False,0
66,83.62,True,False,True,False,0
53,75.88,False,False,True,False,0
51,47.56,False,False,False,False,1
39,116.04,False,False,True,False,1
51,57.45,False,False,False,False,0
70,56.0,True,False,False,False,0
6,99.82,False,False,True,False,1
67,22.39,True,False,False,True,0
7,64.21,False,False,False,False,1
51,96.16,False,False,True,False,1
72,19.4,True,False,False,True,0
42,19.55,False,False,False,True,0
64,56.11,False,False,False,False,1
15,29.24,True,False,False,True,0
29,49.25,False,False,False,False,0
33,66.09,False,True,False,False,0
27,62.92,False,False,False,False,0
36,82.39,False,False,True,False,0
29,41.09,True,False,False,False,1
38,43.06,False,False,False,False,1
57,61.85,False,False,False,False,0
27,20.4,False,False,False,True,0
55,22.46,False,False,False,True,1
33,55.05,False,True,False,False,0
68,26.71,False,False,False,True,1
66,19.36,True,False,False,True,0
10,90.32,False,True,True,False,1
5,54.55,False,False,False,False,1
38,97.04,False,True,True,False,0
13,27.82,False,False,False,True,1
31,78.58,False,True,True,False,0
47,64.23,False,False,False,False,1
52,104.64,True,False,True,False,0
56,97.79,False,False,True,False,1
15,104.98,False,False,True,False,0
29,52.36,True,False,False,False,0
8,44.15,True,False,False,False,1
5,25.99,False,False,False,True,1
29,24.3,False,False,False,True,1
47,59.18,True,False,False,False,0
68,22.06,True,False,False,True,0
45,67.21,False,True,False,False,0
2,99.37,True,False,True,False,1
27,74.27,False,True,True,False,0
36,23.4,True,False,False,True,0
36,27.08,False,False,False,True,0
26,63.82,False,False,False,False,1
43,23.94,True,False,False,True,0
27,66.84,True,False,False,False,0
69,83.38,False,False,True,False,0
20,90.53,False,False,True,False,1
11,114.93,False,True,True,False,0
38,66.89,True,False,False,False,1
6,26.23,False,False,False,True,0
72,65.77,False,False,False,False,1
23,42.66,False,False,False,False,1
47,113.25,False,False,True,False,1
46,86.03,False,False,True,False,1
12,20.14,False,False,False,True,0
13,47.18,True,False,False,False,0
62,52.54,False,False,False,False,1
60,21.01,False,True,False,True,0
43,86.03,False,True,True,False,0
68,44.05,False,False,False,False,1
5,84.81,True,False,True,False,0
37,98.61,False,False,True,False,1
72,92.09,False,True,True,False,0
31,87.34,False,False,True,False,1
9,26.96,True,False,False,True,0
51,28.72,True,False,False,True,0
29,107.84,False,False,True,False,1
40,49.96,False,False,False,False,0
41,26.93,True,False,False,True,1
11,77.6,True,False,True,False,1
23,76.52,False,False,True,False,0
1,50.37,True,False,False,False,0
46,27.69,False,False,False,True,1
21,82.32,True,False,True,False,0
36,41.9,False,False,False,False,1
54,76.59,False,True,True,False,0
57,28.3,False,False,False,True,1
1,59.01,False,False,False,False,1
63,21.04,False,False,False,True,0
54,97.76,False,False,True,False,1
55,96.38,True,False,True,False,1
40,59.66,False,False,False,False,1
15,47.0,False,True,False,False,0
21,28.37,False,False,False,True,1
47,49.28,False,False,False,False,0
53,104.71,False,False,True,False,1
9,40.48,False,False,False,False,1
52,51.18,False,False,False,False,1
57,50.55,False,False,False,False,1
26,97.17,False,False,True,False,1
41,18.87,False,False,False,True,1
35,63.7,True,False,False,False,0
63,46.53,True,False,False,False,0
25,60.31,False,False,False,False,1
38,110.16,False,False,True,False,1
2,98.09,False,True,True,False,0
7,26.89,True,False,False,True,0
34,103.09,True,False,True,False,0
17,87.78,False,False,True,False,0
43,64.27,True,False,False,False,0
59,21.54,True,False,False,True,0
51,57.14,True,False,False,False,0
54,62.36,False,True,False,False,0
24,88.95,False,False,True,False,1
25,85.14,False,False,True,False,1
71,92.97,True,False,True,False,1
52,110.9,False,True,True,False,0
70,116.5,False,False,True,False,0
33,56.35,False,False,False,False,0
49,25.94,False,False,False,True,1
29,115.16,False,False,True,False,0
63,74.93,True,False,True,False,0
22,81.6,True,False,True,False,0
26,61.27,False,False,False,False,0
28,111.19,False,False,True,False,1
49,112.85,False,False,True,False,0
71,52.45,False,False,False,False,0
49,74.47,True,False,True,False,0
20,23.25,False,True,False,True,0
63,81.54,False,True,True,False,0
61,21.49,False,False,False,True,1
49,63.17,False,True,False,False,0
71,42.27,True,False,False,False,0
1,64.83,True,False,False,False,1
13,91.38,False,False,True,False,1
51,57.88,False,False,False,False,0
56,42.69,False,False,False,False,0
62,22.05,False,False,False,True,1
32,19.08,False,False,False,True,1
30,118.08,False,False,True,False,1
29,64.22,False,False,False,False,1
49,53.79,True,False,False,False,1
45,46.71,False,False,False,False,0
30,116.67,False,False,True,False,1
16,22.14,False,True,False,True,0
40,78.05,False,True,True,False,0
19,56.89,True,False,False,False,0
18,117.19,False,True,True,False,0
1,40.11,True,False,False,False,1
47,47.14,False,True,False,False,0
66,116.92,False,False,True,False,1
38,78.55,False,False,True,False,0
51,43.4,False,False,False,False,1
63,57.11,False,False,False,False,1
4,28.34,False,False,False,True,1
1,54.31,True,False,False,False,0
8,69.84,True,False,False,False,0
29,60.38,True,False,False,False,1
55,42.22,False,False,False,False,1
3,69.78,False,True,False,False,0
32,22.89,True,False,False,True,1
10,48.62,False,False,False,False,1
34,97.89,True,False,True,False,1
55,85.22,False,False,True,False,1
32,74.32,False,False,True,False,1
50,18.02,False,True,False,True,0
7,23.4,False,False,False,True,0
8,65.11,False,False,False,False,1
65,98.62,False,True,True,False,0
57,119.96,True,False,True,False,1
67,21.44,False,False,False,True,1
59,84.02,False,False,True,False,1
72,19.92,False,False,False,True,0
54,78.2,True,False,True,False,0
67,48.56,False,False,False,False,0
51,109.64,False,False,True,False,1
8,28.87,False,True,False,True,0
34,29.7,True,False,False,True,0
35,46.97,False,False,False,False,1
32,114.06,True,False,True,False,0
46,49.85,True,False,False,False,1
16,43.39,False,False,False,False,1
68,113.5,False,False,True,False,1
37,59.08,False,True,False,False,0
54,19.98,False,False,False,True,1
14,52.89,True,False,False,False,0
55,21.45,False,False,False,True,1
48,62.1,False,False,False,False,0
7,53.6,False,False,False,False,1
7,69.68,False,False,False,False,0
33,41.64,False,False,False,False,1
23,50.65,False,False,False,False,1
19,54.46,False,True,False,False,0
19,95.16,False,True,True,False,0
36,49.48,True,False,False,False,0
29,106.46,False,True,True,False,0
60,66.24,False,False,False,False,1
2,29.26,False,True,False,True,0
1,27.66,False,False,False,True,0
47,112.53,False,True,True,False,0
69,56.52,False,True,False,False,0
20,64.78,True,False,False,False,0
11,21.64,False,True,False,True,0
2,51.95,True,False,False,False,1
67,49.51,False,False,False,False,0
12,54.02,False,False,False,False,1
20,48.57,True,False,False,False,0
5,68.85,False,False,False,False,1
37,85.64,True,False,True,False,0
38,42.94,False,True,False,False,0
9,96.34,False,False,True,False,1
53,41.71,True,False,False,False,0
44,43.32,False,True,False,False,0
24,20.63,False,True,False,True,0
30,53.93,False,True,False,False,0
59,23.2,True,False,False,True,0
14,109.98,False,True,True,False,0
9,62.18,True,False,False,False,0
40,23.12,False,False,False,True,0
66,50.01,False,False,False,False,1
25,21.8,True,False,False,True,1
22,63.22,False,False,False,False,1
4,18.62,True,False,False,True,0
26,40.38,True,False,False,False,0
58,109.78,False,False,True,False,1
29,93.86,True,False,True,False,0
37,19.57,True,False,False,True,0
70,20.83,False,False,False,True,0
18,29.19,False,False,False,True,1
42,28.31,False,False,False,True,0
41,61.29,False,False,False,False,1
38,54.47,False,True,False,False,0
34,55.61,False,False,False,False,0
17,69.26,True,False,False,False,1
37,68.97,False,False,False,False,1
25,80.76,False,False,True,False,0
27,64.33,False,True,False,False,0
57,79.86,True,False,True,False,0
31,46.41,False,False,False,False,1
6,60.28,False,False,False,False,1
40,90.25,False,False,True,False,1
12,116.58,False,False,True,False,1
53,74.45,True,False,True,False,0
71,95.58,False,False,True,False,0
10,67.56,False,False,False,False,1
45,115.21,False,False,True,False,0
17,44.7,False,True,False,False,0
26,51.0,False,True,False,False,0
62,100.96,False,False,True,False,1
46,44.78,True,False,False,False,0
64,69.04,False,False,False,False,1
2,28.98,False,False,False,True,1
54,20.0,True,False,False,True,0
65,43.63,False,True,False,False,0
51,42.56,False,True,False,False,0
53,67.28,True,False,False,False,1
36,45.81,False,False,False,False,0
26,23.0,True,False,False,True,0
29,53.47,False,False,False,False,0
21,99.95,True,False,True,False,0
11,42.15,False,False,False,False,1
40,20.72,True,False,False,True,0
11,67.94,False,False,False,False,1
36,115.42,False,False,True,False,1
59,63.44,False,True,False,False,0
39,70.97,False,False,True,False,1
54,49.81,True,False,False,False,1
55,58.84,False,False,False,False,1
24,21.3,False,False,False,True,1
22,28.92,False,False,False,True,0
69,25.61,False,False,False,True,0
56,73.6,False,True,True,False,0
33,28.91,False,False,False,True,0
36,68.73,False,True,False,False,0
20,42.33,True,False,False,False,0
62,55.97,False,False,False,False,1
26,85.17,True,False,True,False,0
66,51.79,True,False,False,False,0
40,45.39,True,False,False,False,0
17,98.9,False,False,True,False,1
1,29.5,False,False,False,True,1
61,55.09,False,True,False,False,0
43,42.49,False,True,False,False,0
42,58.6,False,True,False,False,0
25,50.21,False,False,False,False,1
39,65.68,True,False,False,False,0
35,91.73,False,False,True,False,1
3,79.64,False,False,True,False,1
44,79.56,False,False,True,False,1
51,63.06,True,False,False,False,0
12,21.19,False,False,False,True,1
19,63.02,False,False,False,False,0
44,80.29,False,True,True,False,0
59,21.86,False,False,False,True,1
49,53.96,False,False,False,False,1
61,68.3,False,False,False,False,0
17,29.18,False,True,False,True,0
57,46.21,True,False,False,False,0
55,87.91,False,False,True,False,0
47,44.48,False,True,False,False,0
12,95.5,False,True,True,False,0
62,53.82,False,False,False,False,1
8,67.02,True,False,False,False,0
21,116.5,True,False,True,False,0
70,51.51,True,False,False,False,0
72,54.75,False,False,False,False,1
25,66.89,False,True,False,False,0
12,64.2,True,False,False,False,0
15,40.11,False,False,False,False,0
59,49.6,False,False,False,False,1
26,23.06,False,False,False,True,0
26,46.89,False,False,False,False,1
47,79.98,True,False,True,False,0
32,41.13,False,False,False,False,0
10,59.3,False,False,False,False,0
16,21.15,True,False,False,True,0
71,41.57,False,False,False,False,0
17,20.77,False,True,False,True,0
23,64.06,False,False,False,False,0
26,112.57,False,False,True,False,1
7,94.15,False,False,True,False,0
14,22.99,False,False,False,True,0
7,118.89,False,False,True,False,1
9,80.03,True,False,True,False,0
48,46.46,False,True,False,False,0
72,48.76,False,False,False,False,1
59,20.07,True,False,False,True,0
39,51.38,True,False,False,False,0
18,67.33,False,True,False,False,0
59,100.77,False,False,True,False,1
17,52.36,False,False,False,False,0
14,29.21,False,False,False,True,0
31,72.42,True,False,True,False,1
24,80.51,False,True,True,False,0
60,24.79,False,False,False,True,0
45,58.47,False,False,False,False,1
3,41.19,False,True,False,False,0
37,90.15,False,True,True,False,0
43,59.47,False,True,False,False,0
40,104.9,True,False,True,False,1
55,25.66,False,False,False,True,0
39,86.03,True,False,True,False,0
15,42.81,True,False,False,False,0
4,23.13,False,False,False,True,1
25,76.44,True,False,True,False,0
13,117.38,True,False,True,False,0
33,54.26,False,False,False,False,0
16,21.81,True,False,False,True,1
42,108.32,True,False,True,False,0
66,94.9,False,True,True,False,0
55,21.72,False,False,False,True,1
42,64.36,False,False,False,False,1
34,113.36,True,False,True,False,0
30,26.08,False,False,False,True,0
13,41.41,True,False,False,False,0
13,98.32,True,False,True,False,1
18,27.16,False,False,False,True,0
32,76.83,True,False,True,False,0
39,81.43,True,False,True,False,0
46,28.59,False,False,False,True,1
29,18.24,False,True,False,True,0
62,62.58,False,True,False,False,0
62,54.21,True,False,False,False,0
57,92.34,True,False,True,False,1
16,70.35,False,False,True,False,0
56,110.97,False,True,True,False,0
10,87.99,True,False,True,False,1
30,56.22,True,False,False,False,0
25,103.87,False,True,True,False,0
5,61.08,False,False,False,False,1
65,117.8,False,True,True,False,0
49,96.57,False,False,True,False,1
3,51.99,False,False,False,False,1
45,68.61,False,False,False,False,1
14,102.11,False,True,True,False,1
30,84.91,False,True,True,False,0
68,43.79,True,False,False,False,0
18,28.11,True,False,False,True,0
62,88.11,True,False,True,False,0
37,25.93,False,True,False,True,0
25,93.54,False,False,True,False,1
48,79.95,False,False,True,False,1
65,25.22,False,False,False,True,0
53,73.03,True,False,True,False,0
15,90.67,True,False,True,False,1
49,56.4,False,False,False,False,1
68,91.8,False,False,True,False,1
12,62.46,False,True,False,False,0
59,64.84,False,False,False,False,0
37,63.14,True,False,False,False,0
61,41.16,False,True,False,False,0
43,20.33,False,False,False,True,0
70,56.1,False,False,False,False,0
39,116.74,True,False,True,False,0
56,28.02,False,True,False,True,0
63,112.13,True,False,True,False,1
46,49.1,False,True,False,False,0
11,91.47,False,False,True,False,1
62,93.54,True,False,True,False,0
25,77.87,True,False,True,False,0
71,71.55,False,True,True,False,0
52,29.36,False,False,False,True,1
4,82.04,False,True,True,False,0
59,47.2,True,False,False,False,0
72,74.17,False,False,True,False,1
20,67.86,False,False,False,False,1
63,24.96,False,True,False,True,0
54,60.01,False,False,False,False,1
57,67.35,False,False,False,False,0
41,22.15,False,False,False,True,1
3,101.08,False,True,True,False,0
6,41.16,True,False,False,False,0
5,79.34,True,False,True,False,0
5,27.97,False,False,False,True,0
54,63.0,True,False,False,False,0
47,22.21,True,False,False,True,0
49,51.3,False,True,False,False,0
9,96.68,False,True,True,False,0
20,18.0,False,False,False,True,0
61,47.24,True,False,False,False,0
35,80.41,False,False,True,False,0
50,47.51,True,False,False,False,0
62,110.3,False,False,True,False,1
17,83.98,False,False,True,False,1
3,79.58,False,False,True,False,1
32,55.13,True,False,False,False,0
13,65.97,False,False,False,False,1
68,47.24,True,False,False,False,1
14,42.36,False,False,False,False,0
11,87.82,False,False,True,False,1
56,26.97,True,False,False,True,0
67,97.53,False,False,True,False,1
29,110.84,False,False,True,False,0
9,29.52,True,False,False,True,0
67,109.63,False,False,True,False,1
25,25.25,False,False,False,True,0
42,94.67,False,False,True,False,1
9,41.2,False,True,False,False,0
40,69.53,True,False,False,False,1
25,89.17,True,False,True,False,0
5,44.57,True,False,False,False,0
11,60.0,False,False,False,False,1
59,84.21,False,False,True,False,0
38,99.29,True,False,True,False,0
72,99.34,False,False,True,False,0
5,53.37,False,False,False,False,1
48,65.08,False,False,False,False,0
18,83.25,False,False,True,False,1
70,23.38,False,True,False,True,0
37,96.88,False,False,True,False,0
60,25.96,True,False,False,True,0
48,109.2,False,False,True,False,1
28,89.74,False,True,True,False,0
69,59.38,False,False,False,False,0
40,77.53,False,False,True,False,1
45,116.63,True,False,True,False,0
62,89.15,True,False,True,False,1
58,106.48,False,False,True,False,1
67,71.02,False,False,True,False,0
56,46.16,False,False,False,False,0
40,94.35,False,False,True,False,1
40,66.35,False,False,False,False,0
33,24.33,False,False,False,True,0
6,67.9,False,False,False,False,1
19,54.51,False,False,False,False,1
40,94.52,True,False,True,False,0
59,75.99,False,True,True,False,0
59,110.13,True,False,True,False,0
48,47.41,False,False,False,False,1
41,114.98,False,False,True,False,1
13,67.32,False,True,False,False,0
45,29.32,False,False,False,True,0
53,24.24,False,False,False,True,0
42,103.85,True,False,True,False,0
63,63.36,True,False,False,False,0
27,76.55,True,False,True,False,0
38,58.03,False,False,False,False,1
60,71.71,False,False,True,False,1
7,54.93,False,True,False,False,0
5,19.86,False,False,False,True,1
45,45.49,True,False,False,False,1
58,88.25,True,False,True,False,0
31,91.62,True,False,True,False,0
23,101.16,False,False,True,False,1
42,42.23,False,False,False,False,0
10,24.04,True,False,False,True,0
32,79.13,False,True,True,False,0
53,98.7,False,True,True,False,0
30,59.12,False,False,False,False,0
39,97.84,False,False,True,False,0
31,106.91,False,True,True,False,0
2,50.07,True,False,False,False,1
12,62.95,False,True,False,False,0
39,23.19,False,False,False,True,1
66,54.53,True,False,False,False,0
13,59.44,True,False,False,False,0
46,70.92,True,False,True,False,1
27,102.7,False,False,True,False,1
17,58.56,False,False,False,False,0
60,85.49,True,False,True,False,0
64,42.57,False,False,False,False,0
35,42.73,False,False,False,False,1
70,67.7,False,True,False,False,0
30,26.27,False,False,False,True,1
71,43.81,False,True,False,False,0
63,50.7,False,False,False,False,0
28,99.62,True,False,True,False,0
60,28.03,False,True,False,True,0
37,41.31,False,False,False,False,1
22,81.83,False,False,True,False,0
68,66.69,False,False,False,False,1
20,70.46,False,False,True,False,0
68,80.07,True,False,True,False,0
64,117.95,False,True,True,False,0
17,58.4,False,False,False,False,0
12,47.85,False,False,False,False,1
22,42.01,False,False,False,False,1
17,40.85,True,False,False,False,1
10,47.34,False,False,False,False,0
65,114.07,True,False,True,False,1
22,22.99,True,False,False,True,0
50,26.64,True,False,False,True,0
14,29.02,False,False,False,True,0
64,90.4,True,False,True,False,0
47,79.56,False,False,True,False,1
29,55.51,False,False,False,False,1
36,115.4,False,True,True,False,0
52,110.22,True,False,True,False,0
7,73.29,False,False,True,False,0
29,104.63,False,False,True,False,0
11,57.16,False,False,False,False,0
33,67.22,False,False,False,False,0
6,19.47,False,False,False,True,1
32,56.02,False,False,False,False,0
51,113.97,False,False,True,False,0
58,22.92,True,False,False,True,0
26,94.1,True,False,True,False,0
46,73.52,True,False,True,False,0
29,48.34,False,False,False,False,0
4,49.74,False,True,False,False,0
13,29.34,False,True,False,True,0
39,84.13,False,True,True,False,0
15,93.04,False,True,True,False,0
29,60.14,False,True,False,False,0
29,44.87,True,False,False,False,0
32,23.84,False,False,False,True,0
2,62.16,True,False,False,False,0
47,113.34,True,False,True,False,0
22,58.79,True,False,False,False,0
27,103.45,True,False,True,False,0
67,19.52,False,False,False,True,0
56,117.29,False,False,True,False,1
21,43.98,False,True,False,False,0
47,108.73,True,False,True,False,0
59,83.24,True,False,True,False,0
6,116.68,False,False,True,False,1
19,26.64,False,False,False,True,1
57,107.69,False,True,True,False,0
69,20.63,True,False,False,True,0
3,92.15,True,False,True,False,1
1,58.53,False,False,False,False,1
58,63.1,True,False,False,False,0
38,43.12,False,False,False,False,1
15,29.55,True,False,False,True,1
34,114.51,False,False,True,False,1
61,83.52,False,False,True,False,1
35,64.68,True,False,False,False,1
64,55.55,False,True,False,False,0
25,93.09,False,False,True,False,1
24,85.72,False,True,True,False,0
12,57.43,False,False,False,False,1
18,106.49,False,False,True,False,0
15,52.33,False,False,False,False,0
27,58.88,False,False,False,False,0
72,104.97,True,False,True,False,0
60,61.33,False,False,False,False,0
46,18.62,False,False,False,True,0
17,65.79,False,True,False,False,0
53,53.75,False,False,False,False,1
8,47.87,True,False,False,False,1
27,82.09,False,False,True,False,1
46,94.15,True,False,True,False,1
50,114.34,False,False,True,False,0
71,51.35,False,False,False,False,1
3,62.49,False,False,False,False,1
64,74.84,False,False,True,False,1
44,23.71,False,False,False,True,1
53,29.9,True,False,False,True,0
24,63.11,False,True,False,False,0
60,80.53,False,True,True,False,0
3,24.02,True,False,False,True,1
20,47.01,False,False,False,False,1
46,22.91,False,False,False,True,1
15,63.4,False,False,False,False,1
25,27.25,False,False,False,True,0
71,81.41,True,False,True,False,0
17,29.07,True,False,False,True,0
9,99.63,False,False,True,False,1
38,51.4,False,False,False,False,1
48,24.02,False,True,False,True,0
60,58.15,True,False,False,False,0
63,56.8,False,False,False,False,0
2,94.32,False,True,True,False,1
72,95.25,False,True,True,False,0
11,20.12,False,False,False,True,0
64,64.38,False,False,False,False,0
72,97.09,True,False,True,False,1
21,76.55,False,True,True,False,0
18,62.98,False,True,False,False,0
64,67.97,False,False,False,False,0
38,68.42,False,False,False,False,0
32,51.07,True,False,False,False,0
11,19.63,True,False,False,True,0
45,95.92,False,False,True,False,1
33,75.63,False,True,True,False,0
41,29.21,True,False,False,True,0
8,45.51,False,True,False,False,0
11,21.03,False,True,False,True,0
51,90.33,True,False,True,False,0
41,22.6,False,False,False,True,0
17,63.84,True,False,False,False,0
46,23.48,False,False,False,True,0
32,45.12,True,False,False,False,0
54,48.02,False,False,False,False,1
20,95.46,True,False,True,False,0
33,44.42,False,False,False,False,1
40,100.58,False,False,True,False,1
32,98.29,False,False,True,False,1
2,105.74,False,False,True,False,0
33,68.13,True,False,False,False,0
30,67.37,True,False,False,False,1
33,68.38,True,False,False,False,1
26,82.24,False,False,True,False,0
22,43.95,False,False,False,False,0
66,49.07,False,False,False,False,1
38,66.85,False,False,False,False,0
46,69.16,False,True,False,False,0
15,112.97,False,False,True,False,1
44,19.32,False,False,False,True,0
49,68.42,False,False,False,False,1
61,91.17,False,False,True,False,0
67,70.47,True,False,True,False,0
6,92.12,True,False,True,False,1
9,72.3,False,False,True,False,0
6,97.19,False,False,True,False,1
32,86.93,False,False,True,False,0
41,54.2,False,False,False,False,1
8,100.66,False,False,True,False,1
72,113.44,False,True,True,False,0
50,59.86,True,False,False,False,0
62,53.02,True,False,False,False,0
62,27.83,False,False,False,True,1
7,115.28,False,False,True,False,1
4,75.99,True,False,True,False,0
6,24.38,True,False,False,True,0
58,84.23,True,False,True,False,0
22,72.35,False,False,True,False,0
26,103.43,True,False,True,False,0
3,28.35,False,False,False,True,1
41,78.15,False,True,True,False,0
60,110.62,True,False,True,False,1
14,65.6,True,False,False,False,1
12,28.97,False,False,False,True,0
12,83.26,True,False,True,False,0
13,67.12,False,False,False,False,1
25,21.85,False,False,False,True,0
45,97.62,False,False,True,False,1
19,41.52,True,False,False,False,0
55,72.19,False,False,True,False,1
45,106.02,False,False,True,False,0
8,23.33,False,True,False,True,0
53,47.69,False,False,False,False,1
55,20.28,True,False,False,True,0
32,103.5,False,False,True,False,0
51,40.01,False,False,False,False,0
44,27.67,True,False,False,True,0
70,73.96,False,False,True,False,1
18,45.74,False,False,False,False,1
22,89.31,True,False,True,False,0
37,23.82,True,False,False,True,1
56,50.65,True,False,False,False,0
59,49.62,False,False,False,False,1
3,68.92,False,False,False,False,1
28,59.25,True,False,False,False,0
35,71.17,True,False,True,False,0
61,91.51,False,True,True,False,0
54,66.25,False,True,False,False,0
63,49.04,False,True,False,False,0
7,42.84,False,False,False,False,1
49,27.1,False,False,False,True,1
31,58.18,True,False,False,False,1
58,24.84,False,False,False,True,1
61,72.68,False,False,True,False,0
24,44.21,False,True,False,False,0
20,25.47,False,True,False,True,0
37,80.39,False,False,True,False,0
4,95.2,False,False,True,False,1
20,24.54,False,False,False,True,0
60,48.51,False,True,False,False,0
24,68.45,False,True,False,False,0
50,112.12,False,False,True,False,1
49,61.67,False,False,False,False,0
51,42.34,False,True,False,False,0
36,43.18,False,False,False,False,0
66,54.78,True,False,False,False,0
34,78.04,False,True,True,False,0
36,69.35,False,False,False,False,0
6,77.93,True,False,True,False,0
39,94.37,False,False,True,False,0
42,88.21,False,False,True,False,0
58,59.18,False,True,False,False,0
12,76.45,False,False,True,False,1
3,52.91,False,True,False,False,0
18,83.74,True,False,True,False,0
40,28.65,False,False,False,True,0
21,72.03,False,False,True,False,0
15,115.69,False,False,True,False,1
26,111.65,False,False,True,False,1
8,48.93,False,False,False,False,0
42,27.47,False,False,False,True,1
44,18.37,False,False,False,True,1
14,69.01,True,False,False,False,0
2,96.33,True,False,True,False,1
37,21.64,True,False,False,True,0
69,22.35,False,False,False,True,1
38,73.32,False,False,True,False,0
41,119.47,True,False,True,False,1
62,41.18,False,False,False,False,0
60,25.86,False,False,False,True,1
14,53.28,False,True,False,False,0
2,117.45,True,False,True,False,0
70,47.38,True,False,False,False,0
17,55.96,False,False,False,False,0
28,94.12,True,False,True,False,0
66,26.43,True,False,False,True,0
35,42.04,True,False,False,False,1
5,79.69,True,False,True,False,0
65,46.44,False,True,False,False,0
40,62.14,True,False,False,False,0
56,79.46,False,False,True,False,1
36,98.67,True,False,True,False,0
45,46.46,True,False,False,False,0
23,65.85,True,False,False,False,0
47,68.27,False,False,False,False,1
31,55.55,False,False,False,False,0
11,22.23,False,True,False,True,0
10,20.81,True,False,False,True,1
67,41.49,False,True,False,False,0
14,83.43,True,False,True,False,0
10,25.85,True,False,False,True,1
1,56.01,True,False,False,False,0
5,29.33,False,True,False,True,0
20,22.76,True,False,False,True,0
8,60.82,True,False,False,False,0
43,54.68,False,False,False,False,0
1,24.15,False,False,False,True,1
57,83.39,True,False,True,False,0
64,53.65,False,False,False,False,0
28,54.12,False,False,False,False,0
37,105.33,False,False,True,False,0
47,117.03,False,False,True,False,0
37,86.47,False,False,True,False,1
49,18.51,False,False,False,True,1
44,54.89,False,True,False,False,0
56,97.22,True,False,True,False,1
28,78.42,False,False,True,False,1
6,108.02,False,False,True,False,1
61,69.55,True,False,False,False,0
20,29.35,False,False,False,True,1
2,20.37,False,True,False,True,0
37,113.77,True,False,True,False,0
20,105.22,True,False,True,False,0
26,53.62,False,False,False,False,0
29,97.03,True,False,True,False,0
1,112.48,False,False,True,False,1
35,94.01,False,True,True,False,0
70,22.48,True,False,False,True,0
59,94.66,False,False,True,False,1
69,57.37,False,False,False,False,0
33,79.45,False,False,True,False,0
51,67.03,True,False,False,False,0
12,60.23,False,False,False,False,0
20,59.0,True,False,False,False,1
53,74.97,False,False,True,False,1
43,100.21,True,False,True,False,0
50,76.05,False,True,True,False,0
29,73.93,True,False,True,False,0
57,96.37,True,False,True,False,0
39,52.08,False,False,False,False,1
56,25.07,False,False,False,True,0
43,42.68,True,False,False,False,0
50,52.93,False,False,False,False,1
23,78.74,False,False,True,False,1
44,69.61,False,False,False,False,0
38,56.83,False,False,False,False,1
23,104.37,False,False,True,False,1
45,86.27,False,True,True,False,0
52,74.74,False,False,True,False,0
50,29.71,True,False,False,True,0
8,84.31,False,False,True,False,1
1,23.09,True,False,False,True,0
8,59.5,False,False,False,False,0
29,71.23,False,True,True,False,0
5,27.72,False,True,False,True,0
47,96.83,False,False,True,False,0
34,83.91,False,True,True,False,0
65,41.85,False,True,False,False,0
55,44.87,False,True,False,False,0
43,114.75,False,True,True,False,0
30,60.58,False,False,False,False,1
17,21.0,True,False,False,True,1
26,41.97,False,False,False,False,0
8,26.29,False,False,False,True,1
47,24.87,False,True,False,True,0
72,52.14,False,False,False,False,1
46,50.91,True,False,False,False,1
68,20.6,False,True,False,True,0
33,26.04,False,True,False,True,0
1,118.53,False,True,True,False,0
19,45.27,False,False,False,False,1
31,99.86,False,False,True,False,1
14,91.21,False,False,True,False,1
53,53.4,False,False,False,False,0
48,82.71,False,False,True,False,0
69,64.75,False,False,False,False,1
62,54.56,True,False,False,False,0
66,56.3,True,False,False,False,1
64,49.14,False,False,False,False,0
70,45.45,True,False,False,False,0
63,74.3,False,False,True,False,0
33,61.42,False,False,False,False,0
41,45.89,True,False,False,False,0
48,60.7,True,False,False,False,0
13,22.68,True,False,False,True,0
31,90.79,False,False,True,False,1
68,93.46,False,True,True,False,0
4,88.39,True,False,True,False,0
19,19.21,True,False,False,True,0
70,49.29,True,False,False,False,0
13,103.19,False,True,True,False,0
23,103.29,True,False,True,False,0
1,84.31,True,False,True,False,0
54,53.8,False,True,False,False,0
71,79.67,True,False,True,False,0
15,46.31,False,False,False,False,1
65,71.15,True,False,True,False,0
71,114.84,False,False,True,False,1
15,46.32,False,False,False,False,0
21,20.73,True,False,False,True,0
19,48.39,False,True,False,False,0
60,19.53,False,True,False,True,0
33,101.96,False,False,True,False,1
49,42.25,True,False,False,False,1
35,44.03,False,False,False,False,1
44,25.74,False,True,False,True,0
11,50.19,False,True,False,False,0
72,61.24,True,False,False,False,1
66,56.72,False,True,False,False,0
46,82.8,True,False,True,False,0
9,102.54,True,False,True,False,1
3,43.49,False,False,False,False,1
26,56.09,False,False,False,False,1
72,53.11,True,False,False,False,0
48,48.04,True,False,False,False,1
66,100.2,False,False,True,False,1
70,113.57,False,True,True,False,0
28,69.97,False,False,False,False,1
26,58.23,True,False,False,False,0
25,52.14,True,False,False,False,0
12,20.7,True,False,False,True,0
5,21.09,True,False,False,True,1
48,23.75,False,False,False,True,0
37,51.02,False,False,False,False,1
44,67.41,True,False,False,False,0
15,51.05,True,False,False,False,0
43,51.2,False,False,False,False,0
48,89.18,True,False,True,False,0
70,111.83,False,False,True,False,0
46,25.81,True,False,False,True,0
43,25.37,False,True,False,True,0
21,50.02,False,False,False,False,1
23,110.9,False,False,True,False,1
47,41.15,True,False,False,False,0
15,66.12,True,False,False,False,0
25,95.64,True,False,True,False,1
36,51.95,False,True,False,False,0
51,94.86,False,True,True,False,0
15,60.02,False,True,False,False,0
68,70.64,True,False,True,False,0
21,113.58,False,False,True,False,1
13,53.4,False,False,False,False,1
19,22.12,False,False,False,True,1
34,44.15,True,False,False,False,0
68,91.97,False,False,True,False,1
52,94.82,False,True,True,False,0
27,90.18,True,False,True,False,0
29,26.14,True,False,False,True,0
28,52.63,False,False,False,False,1
35,118.07,False,False,True,False,1
8,99.96,False,False,True,False,1
16,27.69,False,False,False,True,1
36,43.28,False,False,False,False,0
30,89.86,True,False,True,False,1
18,86.84,False,True,True,False,0
2,57.08,False,True,False,False,0
49,113.06,True,False,True,False,0
4,42.35,False,False,False,False,1
7,73.63,False,True,True,False,0
39,28.2,False,True,False,True,0
13,80.64,False,False,True,False,0
31,103.44,True,False,True,False,1
71,97.14,False,False,True,False,1
63,64.99,False,True,False,False,0
56,43.75,False,True,False,False,0
42,76.49,False,False,True,False,0
61,56.7,False,True,False,False,0
42,68.39,True,False,False,False,0
56,90.75,False,True,True,False,0
36,49.81,False,False,False,False,0
68,58.2,False,True,False,False,0
7,116.52,False,False,True,False,1
54,65.11,False,False,False,False,0
1,29.95,False,False,False,True,1
44,18.27,False,True,False,True,0
45,75.64,False,True,True,False,0
47,58.28,False,True,False,False,0
13,111.03,False,True,True,False,0
22,21.42,False,False,False,True,1
21,81.96,False,False,True,False,0
9,63.61,False,False,False,False,1
26,72.82,False,False,True,False,1
9,22.43,False,False,False,True,1
15,95.29,False,False,True,False,1
10,98.02,False,False,True,False,0
42,106.43,False,False,True,False,0
72,87.74,False,False,True,False,1
24,58.38,False,False,False,False,1
49,99.27,False,True,True,False,0
26,56.43,True,False,False,False,1
37,102.02,False,True,True,False,0
68,47.78,False,False,False,False,0
50,74.23,False,False,True,False,1
24,43.58,True,False,False,False,0
19,81.23,False,False,True,False,1
60,95.01,False,False,True,False,0
39,65.21,False,False,False,False,1
18,61.04,False,False,False,False,1
19,63.67,False,False,False,False,0
36,22.21,False,False,False,True,0
55,90.23,True,False,True,False,1
69,89.68,False,False,True,False,0
47,45.76,False,False,False,False,1
49,73.06,False,True,True,False,0
33,25.09,False,False,False,True,1
21,29.87,False,False,False,True,1
22,78.34,False,True,True,False,0
48,41.4,False,False,False,False,1
37,63.39,False,False,False,False,1
15,47.58,False,False,False,False,1
35,64.89,False,False,False,False,1
71,61.12,True,False,False,False,0
32,68.37,False,True,False,False,0
11,52.27,False,False,False,False,0
10,25.94,True,False,False,True,0
57,93.24,True,False,True,False,0
25,25.57,False,False,False,True,0
2,92.48,True,False,True,False,0
64,45.66,False,False,False,False,1
35,95.39,False,False,True,False,1
7,55.86,False,False,False,False,0
18,110.53,False,False,True,False,1
67,62.07,False,False,False,False,0
42,25.97,False,True,False,True,0
39,43.4,False,False,False,False,0
41,61.62,False,False,False,False,0
24,24.0,False,False,False,True,1
60,66.82,True,False,False,False,0
46,115.99,True,False,True,False,0
19,72.76,True,False,True,False,0
68,27.85,True,False,False,True,0
42,18.45,False,True,False,True,0
32,22.41,False,False,False,True,1
39,56.27,True,False,False,False,1
36,19.78,False,True,False,True,0
36,107.32,False,True,True,False,0
3,70.42,False,True,True,False,0
8,45.06,False,False,False,False,1
70,99.04,False,False,True,False,0
41,26.57,False,False,False,True,0
68,29.0,True,False,False,True,1
13,105.27,False,False,True,False,1
49,60.15,False,False,False,False,1
60,51.83,False,True,False,False,0
2,18.02,False,False,False,True,1
60,76.01,False,True,True,False,0
5,96.73,False,False,True,False,0
44,60.25,False,False,False,False,0
27,90.87,False,False,True,False,1
32,106.53,True,False,True,False,0
21,24.26,False,False,False,True,1
8,73.71,False,False,True,False,0
72,45.76,False,True,False,False,0
50,112.0,False,False,True,False,1
67,61.75,True,False,False,False,0
44,28.74,True,False,False,True,0
58,43.53,False,False,False,False,1
3,119.51,True,False,True,False,1
70,46.28,False,False,False,False,1
2,70.59,True,False,True,False,1
44,119.87,False,False,True,False,1
2,84.05,True,False,True,False,0
35,60.04,False,False,False,False,1
30,45.3,True,False,False,False,0
8,57.41,False,False,False,False,1
22,115.2,False,False,True,False,1
44,49.61,False,False,False,False,0
58,103.51,False,False,True,False,0
36,20.25,False,True,False,True,0
69,25.5,False,False,False,True,1
31,86.82,False,True,True,False,0
47,80.56,False,True,True,False,0
55,49.4,True,False,False,False,0
62,78.94,False,False,True,False,1
30,28.82,False,False,False,True,0
55,51.92,True,False,False,False,1
16,82.26,False,False,True,False,0
12,23.38,False,False,False,True,0
17,21.85,True,False,False,True,0
16,62.33,False,True,False,False,0
12,118.56,True,False,True,False,0
8,53.14,False,False,False,False,1
3,65.83,True,False,False,False,0
16,24.79,False,False,False,True,1
30,19.89,False,False,False,True,1
23,104.53,False,True,True,False,0
5,55.4,False,False,False,False,1
65,25.81,False,False,False,True,1
30,114.48,False,False,True,False,1
21,53.21,False,True,False,False,0
70,115.06,True,False,True,False,1
22,62.52,True,False,False,False,0
72,94.43,True,False,True,False,1
32,100.16,False,False,True,False,0
33,49.77,False,False,False,False,1
16,69.51,False,False,False,False,0
38,60.02,False,False,False,False,1
14,41.32,False,False,False,False,1
36,86.33,False,True,True,False,0
23,25.48,False,False,False,True,1
66,41.69,False,False,False,False,1
2,40.72,False,False,False,False,1
65,92.5,False,False,True,False,1
67,21.99,False,True,False,True,0
52,53.15,False,False,False,False,1
62,47.88,False,False,False,False,1
23,78.24,True,False,True,False,0
26,60.67,False,False,False,False,0
68,55.44,False,False,False,False,0
55,80.01,False,False,True,False,0
6,85.98,True,False,True,False,0
35,99.59,False,True,True,False,0
22,73.61,True,False,True,False,0
43,77.37,False,False,True,False,1
15,42.2,False,True,False,False,0
60,64.37,False,False,False,False,1
12,62.57,False,False,False,False,0
49,62.6,False,False,False,False,0
42,105.82,False,False,True,False,0
38,26.03,True,False,False,True,1
45,23.72,True,False,False,True,0
35,102.11,False,True,True,False,0
30,41.15,True,False,False,False,0
30,58.64,True,False,False,False,0
6,27.33,False,False,False,True,1
67,95.02,False,False,True,False,1
7,87.88,True,False,True,False,1
52,83.87,False,False,True,False,0
14,102.14,False,True,True,False,1
15,26.31,False,False,False,True,1
21,66.13,False,False,False,False,0
35,87.12,False,False,True,False,0
66,27.24,False,False,False,True,1
2,56.84,False,False,False,False,0
35,114.14,True,False,True,False,0
20,55.83,False,False,False,False,1
10,24.21,True,False,False,True,0
25,57.34,False,False,False,False,0
66,107.47,False,False,True,False,0
25,68.94,False,False,False,False,1
54,73.68,False,True,True,False,0
33,41.6,False,False,False,False,1
36,68.13,True,False,False,False,0
14,96.49,False,False,True,False,1
65,25.38,True,False,False,True,0
54,54.47,False,False,False,False,0
52,42.81,True,False,False,False,0
3,108.4,True,False,True,False,1
41,107.36,False,True,True,False,0
6,21.74,False,False,False,True,1
25,49.19,False,False,False,False,1
13,111.89,False,False,True,False,0
8,42.17,False,True,False,False,0
21,66.43,True,False,False,False,0
68,82.83,True,False,True,False,0
25,99.65,False,False,True,False,0
68,116.8,False,False,True,False,1
45,60.34,False,False,False,False,0
60,90.72,False,True,True,False,0
12,104.48,True,False,True,False,0
32,22.13,False,True,False,True,0
13,48.32,False,False,False,False,0
31,69.9,True,False,False,False,0
20,62.52,True,False,False,False,0
18,102.24,False,False,True,False,0
60,50.66,False,True,False,False,0
63,18.59,False,True,False,True,0
6,40.93,False,True,False,False,0
32,24.65,True,False,False,True,1
43,62.86,False,False,False,False,1
2,96.87,False,False,True,False,1
60,28.09,False,True,False,True,0
23,41.0,False,False,False,False,1
31,22.4,True,False,False,True,0
5,81.85,True,False,True,False,1
34,23.37,True,False,False,True,0
10,73.62,False,True,True,False,0
2,68.62,False,False,False,False,1
11,46.7,False,False,False,False,1
50,67.67,False,False,False,False,1
31,52.78,False,False,False,False,1
56,69.57,False,False,False,False,0
9,56.62,False,False,False,False,0
21,116.54,False,True,True,False,0
28,70.27,False,True,True,False,0
62,62.45,False,False,False,False,0
7,67.09,False,False,False,False,1
16,76.99,False,True,True,False,0
4,42.88,False,False,False,False,0
4,52.74,False,False,False,False,1
40,68.01,False,False,False,False,1
17,24.51,True,False,False,True,1
52,24.33,False,False,False,True,1
52,44.23,False,True,False,False,0
36,70.04,False,False,True,False,1
38,110.51,True,False,True,False,0
50,74.38,False,False,True,False,0
63,101.69,False,False,True,False,1
63,115.73,True,False,True,False,0
62,46.26,True,False,False,False,1
7,59.96,True,False,False,False,1
27,73.93,True,False,True,False,0
14,25.25,False,True,False,True,0
71,78.2,False,True,True,False,0
5,26.83,True,False,False,True,0
55,21.61,False,False,False,True,0
2,53.9,False,False,False,False,1
62,99.97,False,False,True,False,0
21,78.56,True,False,True,False,0
21,26.9,False,False,False,True,1
10,21.63,False,False,False,True,1
58,103.12,False,True,True,False,0
39,44.75,False,True,False,False,0
5,104.41,False,True,True,False,1
65,43.85,False,False,False,False,1
13,91.27,True,False,True,False,0
53,20.97,False,False,False,True,1
